www.морские.com,http://89.108.77.181,1
морские.com,http://89.108.77.181,1
www.agro-moscow.ru,https://217.28.225.132,истек
agro-moscow.ru,https://217.28.225.132,истек
www.agropod.ru,https://217.28.225.132,1
agropod.ru,https://217.28.225.132,1
backend.agropod.ru,http://217.28.225.132,1
www.backend.marinsparkhotels.ru,http://84.201.161.142,1
vkser.bcs15.ru/index.php/login/,https://217.28.225.132,1
test.bcs15.ru,http://217.28.225.132,1
bcs15.ru,https://217.28.225.132,1
kser2.bcs15.ru,https://217.28.225.132,api
www.bcs15.ru,https://217.28.225.132,1
www.bk-admin.marinsparkhotels.ru,http://10.0.0.35,1
bk-admin.marinsparkhotels.ru,http://10.0.0.35,1
www.bk-api.marinsparkhotels.ru,http://10.0.0.35,api
bk-api.marinsparkhotels.ru,http://10.0.0.35,api
chayka-sport.ru,https://217.28.225.132,1
backend.chayka-sport.ru,http://217.28.225.132,1
www.chayka-sport.ru,https://217.28.225.132,1
backend.csum.ru,http://217.28.225.132,1
csum.ru,https://217.28.225.132,1
t.csum.ru,https://217.28.225.132,1
www.csum.ru,https://217.28.225.132,1
dikayaliga.ru,http://217.28.225.132,1
www.dikayaliga.ru,http://217.28.225.132,1
dubnenskoe-doc.ru,https://217.28.225.132,1
backend.dubnenskoe-doc.ru,https://217.28.225.132,1
www.dubnenskoe-doc.ru,https://217.28.225.132,1
ekprostor.ru,https://217.28.225.132,1
backend.ekprostor.ru,http://217.28.225.132,1
www.ekprostor.ru,https://217.28.225.132,1
gagarinskiy.ostrovci.ru,https://217.28.225.132,1
gorky74.ru,https://217.28.225.132,1
www.gorky74.ru,https://217.28.225.132,1
backend.gorky74.ru,http://217.28.225.132,1
grand-ast.com,https://217.28.225.132,1
www.grand-ast.com,https://217.28.225.132,1
grand-ast.ru,https://217.28.225.132,1
www.grand-ast.ru,https://217.28.225.132,1
www.kolibel-marinsgroup.ru,https://217.28.225.132,1
backend.kolibel-marinsgroup.ru,https://217.28.225.132,1
kolibel-marinsgroup.ru,https://217.28.225.132,1
backend.kraszem.ru,http://217.28.225.132,1
afisha.kraszem.ru,http://217.28.225.132,1
backend.map.kraszem.ru,http://217.28.225.132,1
map.kraszem.ru,https://217.28.225.132,нет title
zem-expert.kraszem.ru,https://217.28.225.132,нет title
www.kraszem.ru,http://217.28.225.132,1
prom.kraszem.ru,http://217.28.225.132,1
kraszem.ru,https://217.28.225.132,1
backend.kulikov.ag,http://217.28.225.132,1
kulikov.ag,https://217.28.225.132,1
www.kulikov.ag,https://217.28.225.132,1
local-host.team,https://217.28.225.132,1
www.marinesgroup.ru,https://217.28.225.132,redirect
marinesgroup.ru,https://217.28.225.132,redirect
www.marinsgroup.com,https://217.28.225.132,1
m.marinsgroup.com,https://217.28.225.132,1
vacancies.marinsgroup.com,http://217.28.225.132,1
marinsgroup.com,https://217.28.225.132,1
koleso.marinsgroup.com,https://217.28.225.132,1
backend.marinsgroup.com,http://217.28.225.132,temporary closed!
marinsgroup.org,https://217.28.225.132,1
www.marinsgroup.org,https://217.28.225.132,1
backend.marinsgroup.org,http://217.28.225.132,1
marinsgroup.ru,https://217.28.225.132,1
list.marinsgroup.ru,http://10.0.1.64,1
www.marinsgroup.ru,https://217.28.225.132,1
backend.marinsgroup.ru,https://217.28.225.132,1
test.backend.marinsgroup.ru,http://217.28.225.132,1
test.marinsgroup.ru,http://217.28.225.132,1
backend.marinsgroup.tv,http://217.28.225.132,1
marinsgroup.tv,https://217.28.225.132,1
www.marinsgroup.tv,https://217.28.225.132,1
www.marinshotels.ru,https://84.201.161.142,1
marinshotels.ru,https://84.201.161.142,1
d.marinsparkhotel.ru,https://217.28.225.132,1
marinsparkhotel.ru,http://217.28.225.132,1
www.marinsparkhotel.ru,http://217.28.225.132,1
www.marinsparkhotels.ru,https://84.201.161.142,1
ast.marinsparkhotels.ru,https://217.28.225.132,1
payment.marinsparkhotels.ru,http://10.0.1.64,1
marinsparkhotels.ru,https://84.201.161.142,1
hk-node.marinsparkhotels.ru,http://10.0.0.70:3000,hello world
hk-admin.marinsparkhotels.ru,http://10.0.0.70:8080,1
hk.marinsparkhotels.ru,http://10.0.0.70,1
backend.marinsparkhotels.ru,http://84.201.161.142,1
hk-api.marinsparkhotels.ru,http://10.0.0.70:8081,success
www.mebelny-bazar.ru,https://217.28.225.132,1
www.backend.mebelny-bazar.ru,http://217.28.225.132,1
backend.mebelny-bazar.ru,http://217.28.225.132,1
mebelny-bazar.ru,https://217.28.225.132,1
meshera-doc.ru,https://217.28.225.132,не активен
backend.meshera-doc.ru,http://217.28.225.132,не активен
www.meshera-doc.ru,https://217.28.225.132,не активен
metopt.ru,https://217.28.225.132,1
www.metopt.ru,https://217.28.225.132,1
backend.metopt.ru,http://217.28.225.132,1
test.mpeh.ru,http://217.28.225.132,1
backend.mpeh.ru,http://217.28.225.132,1
mpeh.ru,https://217.28.225.132,1
www.mpeh.ru,https://217.28.225.132,1
www.mphotels.ru,https://217.28.225.132,1
mphotels.ru,https://217.28.225.132,1
muravey-nn.ru,https://217.28.225.132,1
backend.muravey-nn.ru,http://217.28.225.132,1
www.muravey-nn.ru,https://217.28.225.132,1
backend.mv-inform.ru,http://217.28.225.132,пингуется
www.mv-inform.ru,https://217.28.225.132,1
mv-inform.ru,https://217.28.225.132,1
nagatinsky.com,https://217.28.225.132,1
www.nagatinsky.com,https://217.28.225.132,1
backend.nagatinsky.com,http://217.28.225.132,1
nebo-nn.com,https://217.28.225.132,1
backend.nebo-nn.com,http://217.28.225.132,1
www.nebo-nn.com,https://217.28.225.132,1
newbyt-doc.ru,https://217.28.225.132,1
backend.newbyt-doc.ru,http://217.28.225.132,1
www.newbyt-doc.ru,https://217.28.225.132,1
www.niitavtoprom.ru,https://217.28.225.132,1
niitavtoprom.ru,https://217.28.225.132,1
www.olimpiec-doc.ru,https://217.28.225.132,1
olimpiec-doc.ru,https://217.28.225.132,1
backend.olimpiec-doc.ru,https://217.28.225.132,1
www.ostrovci.ru,https://217.28.225.132,title error
ostrovci.ru,https://217.28.225.132,title error
ostrovcy-teplo.ru,https://217.28.225.132,1
www.ostrovcy-teplo.ru,https://217.28.225.132,1
backend.ostrovcy-teplo.ru,http://217.28.225.132,1
www.ostrovcyvoda.ru,https://84.201.161.142,1
backend.ostrovcyvoda.ru,http://84.201.161.142,1
ostrovcyvoda.ru,https://84.201.161.142,1
prishelets.com,https://217.28.225.132,1
www.prishelets.com,https://217.28.225.132,1
slugba-slugenie.ru,https://217.28.225.132,1
backend.slugba-slugenie.ru,https://217.28.225.132,1
www.slugba-slugenie.ru,https://217.28.225.132,1
www.sormovskie-zori.ru,https://217.28.225.132,bad title
backend.sormovskie-zori.ru,http://217.28.225.132,1
sormovskie-zori.ru,https://217.28.225.132,bad title
sosnoviybor.su,https://217.28.225.132,1
www.sosnoviybor.su,https://217.28.225.132,1
backend.soyuzmarinsgroup-doc.ru,http://217.28.225.132,1
soyuzmarinsgroup-doc.ru,https://217.28.225.132,1
www.soyuzmarinsgroup-doc.ru,https://217.28.225.132,1
www.stremilovskoedoc.ru,https://217.28.225.132,1
stremilovskoedoc.ru,https://217.28.225.132,1
backend.stremilovskoedoc.ru,http://217.28.225.132,1
trc-nora.ru,https://217.28.225.132,1
www.trc-nora.ru,https://217.28.225.132,1
backend.trc-nora.ru,http://217.28.225.132,1
www.uksmg.ru,https://217.28.225.132,1
uksmg.ru,https://217.28.225.132,1
www.yaltaintourist-doc.ru,https://217.28.225.132,1
yaltaintourist-doc.ru,https://217.28.225.132,1
backend.yaltaintourist-doc.ru,http://217.28.225.132,1
yaltaintourist.ru,https://217.28.225.132,1
backend.yaltaintourist.ru,http://217.28.225.132,1
www.yaltaintourist.ru,https://217.28.225.132,1
transfer.mphotels.ru,84.201.161.142,1
www.transfer.mphotels.ru,84.201.161.142,1
pay.mphotels.ru,84.201.161.142,1
client.mphotels.ru,84.201.161.142,1
backend.bcs15.ru,217.28.225.132,1
d.marinsparkhotel.ru,217.28.225.132,1
cdn.mphotels.ru,84.201.161.142,1
fonts.mphotels.ru,84.201.161.143,1
bk-api.mphotels.ru,109.73.14.236,API
bot.mphotels.ru,84.201.161.142,1
lk.mphotels.ru/admin/,109.73.14.243,1
