http://89.108.77.181,https://www.морские.com,https://www.xn--e1affhkmh.com/,Welcome to nginx!!!,200
http://89.108.77.181,https://морские.com,https://xn--e1affhkmh.com/,Welcome to nginx!,200
https://217.28.225.132,https://www.agropod.ru,https://www.agropod.ru/,Агрофирма Подмосковное | аренда площадей в московской области,200
https://217.28.225.132,https://agropod.ru,https://agropod.ru/,Агрофирма Подмосковное | аренда площадей в московской области,200
http://217.28.225.132,https://backend.agropod.ru,https://backend.agropod.ru/index.php?r=site%2Flogin,Вход в административную панель,200
http://84.201.161.142,https://www.backend.marinsparkhotels.ru,https://www.backend.marinsparkhotels.ru/user/login,Авторизоваться,200
https://217.28.225.132,https://vkser.bcs15.ru/index.php/login/,https://vkser.bcs15.ru/index.php/login/,Авторизация,200
http://217.28.225.132,https://test.bcs15.ru,https://test.bcs15.ru/,БЦ СЕМЁНОВСКИЙ,200
https://217.28.225.132,https://bcs15.ru,https://bcs15.ru/,БЦ СЕМЁНОВСКИЙ,200
https://217.28.225.132,https://www.bcs15.ru,https://www.bcs15.ru/,БЦ СЕМЁНОВСКИЙ,200
http://10.0.0.35,https://www.bk-admin.marinsparkhotels.ru,https://www.bk-admin.marinsparkhotels.ru/login,Laravel,200
http://10.0.0.35,https://bk-admin.marinsparkhotels.ru,https://bk-admin.marinsparkhotels.ru/login,Booking system,200
https://217.28.225.132,https://chayka-sport.ru,https://chayka-sport.ru/,"Центр омоложения, оздоровления и спорта «Чайка»",200
http://217.28.225.132,https://backend.chayka-sport.ru,https://backend.chayka-sport.ru/user/login,Авторизоваться,200
https://217.28.225.132,https://www.chayka-sport.ru,https://www.chayka-sport.ru/,"Центр омоложения, оздоровления и спорта «Чайка»",200
http://217.28.225.132,https://backend.csum.ru,https://backend.csum.ru/user/login,Авторизоваться,200
https://217.28.225.132,https://csum.ru,https://csum.ru/,ЦУМ - торговый центр Нижнего Новгорода – официальный сайт,200
https://217.28.225.132,https://t.csum.ru,https://t.csum.ru/,Website t.csum.ru is ready. The content is to be added,200
https://217.28.225.132,https://www.csum.ru,https://www.csum.ru/,ЦУМ - торговый центр Нижнего Новгорода – официальный сайт,200
http://217.28.225.132,https://dikayaliga.ru,https://dikayaliga.ru/,"Фильм ""Дикая Лига""",200
http://217.28.225.132,https://www.dikayaliga.ru,https://www.dikayaliga.ru/,"Фильм ""Дикая Лига""",200
https://217.28.225.132,https://dubnenskoe-doc.ru,https://dubnenskoe-doc.ru/,"Раскрытие информации ЗАО ""Дубненское""",200
https://217.28.225.132,https://backend.dubnenskoe-doc.ru,https://backend.dubnenskoe-doc.ru/user/login,Авторизоваться,200
https://217.28.225.132,https://www.dubnenskoe-doc.ru,https://www.dubnenskoe-doc.ru/,"Раскрытие информации ЗАО ""Дубненское""",200
https://217.28.225.132,https://ekprostor.ru,https://ekprostor.ru/,УК Простор,200
http://217.28.225.132,https://backend.ekprostor.ru,https://backend.ekprostor.ru/user/login,Авторизоваться,200
https://217.28.225.132,https://www.ekprostor.ru,https://www.ekprostor.ru/,УК Простор,200
https://217.28.225.132,https://gagarinskiy.ostrovci.ru,https://gagarinskiy.ostrovci.ru/,"Жилой комплекс ""Гагаринский""",200
https://217.28.225.132,https://gorky74.ru,https://gorky74.ru/,"Торгово-развлекательный комплекс «Горки», г. Челябинск. ТРЦ, торговый комплекс &quot;Горки&quot;. | Торгово-развлекательный комплекс «Горки»",200
https://217.28.225.132,https://www.gorky74.ru,https://www.gorky74.ru/,"Торгово-развлекательный комплекс «Горки», г. Челябинск. ТРЦ, торговый комплекс &quot;Горки&quot;. | Торгово-развлекательный комплекс «Горки»",200
http://217.28.225.132,https://backend.gorky74.ru,https://backend.gorky74.ru/user/login,Авторизоваться,200
https://217.28.225.132,https://grand-ast.com,https://marinshotels.ru/astr/rooms,Маринс Гранд Отель Астрахань | Номера,200
https://217.28.225.132,https://www.grand-ast.com,https://marinshotels.ru/astr/rooms,Маринс Гранд Отель Астрахань | Номера,200
https://217.28.225.132,https://grand-ast.ru,https://marinshotels.ru/astr/rooms,Маринс Гранд Отель Астрахань | Номера,200
https://217.28.225.132,https://www.grand-ast.ru,https://marinshotels.ru/astr/rooms,Маринс Гранд Отель Астрахань | Номера,200
https://217.28.225.132,https://www.kolibel-marinsgroup.ru,https://www.kolibel-marinsgroup.ru/,Колыбель - благотворительная программа Союза Маринс Групп,200
https://217.28.225.132,https://backend.kolibel-marinsgroup.ru,https://backend.kolibel-marinsgroup.ru/user/login,Авторизоваться,200
https://217.28.225.132,https://kolibel-marinsgroup.ru,https://kolibel-marinsgroup.ru/,Колыбель - благотворительная программа Союза Маринс Групп,200
http://217.28.225.132,https://backend.kraszem.ru,https://backend.kraszem.ru/user/login,Авторизоваться,200
http://217.28.225.132,https://afisha.kraszem.ru,https://afisha.kraszem.ru/,Account disabled by server administrator,403
http://217.28.225.132,https://backend.map.kraszem.ru,https://backend.map.kraszem.ru/user/login,Авторизоваться,200
http://217.28.225.132,https://www.kraszem.ru,https://www.kraszem.ru/,Земельные участки в Подмосковье купить недорого от собственника «Красивая Земля»,200
http://217.28.225.132,https://prom.kraszem.ru,https://prom.kraszem.ru/,Продажа земельных участков промышленного назначения в Подмосковье - Красивая Земля,200
https://217.28.225.132,https://kraszem.ru,https://www.kraszem.ru/,Земельные участки в Подмосковье купить недорого от собственника «Красивая Земля»,200
http://217.28.225.132,https://backend.kulikov.ag,https://backend.kulikov.ag/,404 Not Found,404
https://217.28.225.132,https://kulikov.ag,https://kulikov.ag/,"Александр Куликов - музыкант, актер, кинопродюсер.",200
https://217.28.225.132,https://www.kulikov.ag,https://kulikov.ag/,"Александр Куликов - музыкант, актер, кинопродюсер.",200
https://217.28.225.132,https://local-host.team,https://local-host.team/,ÐÐ¾ÐºÐ°Ð»Ð¥Ð¾ÑÑ. Ð Ð°Ð·ÑÐ°Ð±Ð¾ÑÐºÐ° Ð¸ ÑÐ¾Ð¿ÑÐ¾Ð²Ð¾Ð¶Ð´ÐµÐ½Ð¸Ðµ ÑÐ¸ÑÑÐµÐ¼ Ð°Ð²ÑÐ¾Ð¼Ð°ÑÐ¸Ð·Ð°ÑÐ¸Ð¸ Ð±Ð¸Ð·Ð½ÐµÑÐ°.,200
https://217.28.225.132,https://www.marinsgroup.com,https://marinsgroup.ru,"Официальный сайт компании Союз Маринс Групп. Последние новости, новые проекты и отзывы о компании.",200
https://217.28.225.132,https://m.marinsgroup.com,https://marinsgroup.ru,"Официальный сайт компании Союз Маринс Групп. Последние новости, новые проекты и отзывы о компании.",200
http://217.28.225.132,https://vacancies.marinsgroup.com,https://vacancies.marinsgroup.com/,Unauthorized (#401),401
https://217.28.225.132,https://marinsgroup.com,https://marinsgroup.ru,"Официальный сайт компании Союз Маринс Групп. Последние новости, новые проекты и отзывы о компании.",200
https://217.28.225.132,https://koleso.marinsgroup.com,https://koleso.marinsgroup.com/,Колесо 5 звёзд Екатеринбург,200
https://217.28.225.132,https://marinsgroup.org,https://marinsgroup.org/,Официальный сайт Мемориала боевой славы воинов Великой Отечественной войны,200
https://217.28.225.132,https://www.marinsgroup.org,https://www.marinsgroup.org/,Официальный сайт Мемориала боевой славы воинов Великой Отечественной войны,200
http://217.28.225.132,https://backend.marinsgroup.org,https://backend.marinsgroup.org/user/login,Авторизоваться,200
https://217.28.225.132,https://marinsgroup.ru,https://marinsgroup.ru/,"Официальный сайт компании Союз Маринс Групп. Последние новости, новые проекты и отзывы о компании.",200
http://10.0.1.64,https://list.marinsgroup.ru,https://list.marinsgroup.ru/login,Marins group,200
https://217.28.225.132,https://www.marinsgroup.ru,https://www.marinsgroup.ru/,"Официальный сайт компании Союз Маринс Групп. Последние новости, новые проекты и отзывы о компании.",200
https://217.28.225.132,https://backend.marinsgroup.ru,https://backend.marinsgroup.ru/user/login,Авторизоваться,200
http://217.28.225.132,https://test.backend.marinsgroup.ru,https://test.backend.marinsgroup.ru/user/login,Авторизоваться,200
http://217.28.225.132,https://test.marinsgroup.ru,https://test.marinsgroup.ru/,401 Unauthorized,401
http://217.28.225.132,https://backend.marinsgroup.tv,https://backend.marinsgroup.tv/user/login,Авторизоваться,200
https://217.28.225.132,https://marinsgroup.tv,https://marinsgroup.tv/,Кинокомпания «Союз Маринс Групп» — Видео,200
https://217.28.225.132,https://www.marinsgroup.tv,https://www.marinsgroup.tv/,Кинокомпания «Союз Маринс Групп» — Видео,200
https://84.201.161.142,https://www.marinshotels.ru,https://marinshotels.ru/,Сеть отелей Marins Hotels,200
https://84.201.161.142,https://marinshotels.ru,https://marinshotels.ru/,Сеть отелей Marins Hotels,200
https://217.28.225.132,https://d.marinsparkhotel.ru,https://d.marinsparkhotel.ru/,Discount - Site,200
http://217.28.225.132,https://marinsparkhotel.ru,https://marinshotels.ru/,Сеть отелей Marins Hotels,200
http://217.28.225.132,https://www.marinsparkhotel.ru,https://marinshotels.ru/,Сеть отелей Marins Hotels,200
https://84.201.161.142,https://www.marinsparkhotels.ru,https://marinshotels.ru/,Сеть отелей Marins Hotels,200
https://217.28.225.132,https://ast.marinsparkhotels.ru,https://ast.marinsparkhotels.ru/,Website ast.marinsparkhotels.ru is ready. The content is to be added,200
http://10.0.1.64,https://payment.marinsparkhotels.ru,https://payment.marinsparkhotels.ru/,Сеть отелей Marins Hotel,200
https://84.201.161.142,https://marinsparkhotels.ru,https://marinshotels.ru/,Сеть отелей Marins Hotels,200
http://10.0.0.70:8080,https://hk-admin.marinsparkhotels.ru,https://hk-admin.marinsparkhotels.ru/site/login,Авторизация,200
http://10.0.0.70,https://hk.marinsparkhotels.ru,https://hk.marinsparkhotels.ru/,Ionic App,200
http://84.201.161.142,https://backend.marinsparkhotels.ru,https://backend.marinsparkhotels.ru/user/login,Авторизоваться,200
https://217.28.225.132,https://www.mebelny-bazar.ru,https://www.mebelny-bazar.ru/,ТЦ Мебельный Базар - современный мебельный торговый центр Нинжнего Новгорода,200
http://217.28.225.132,https://www.backend.mebelny-bazar.ru,https://www.backend.mebelny-bazar.ru/user/login,Авторизоваться,200
http://217.28.225.132,https://backend.mebelny-bazar.ru,https://backend.mebelny-bazar.ru/user/login,Авторизоваться,200
https://217.28.225.132,https://mebelny-bazar.ru,https://mebelny-bazar.ru/,ТЦ Мебельный Базар - современный мебельный торговый центр Нинжнего Новгорода,200
https://217.28.225.132,https://metopt.ru,https://metopt.ru/,Компания «Металлоптторг»: аренда площадей в Нижнем Новгороде,200
https://217.28.225.132,https://www.metopt.ru,https://www.metopt.ru/,Компания «Металлоптторг»: аренда площадей в Нижнем Новгороде,200
http://217.28.225.132,https://backend.metopt.ru,https://backend.metopt.ru/user/login,Авторизоваться,200
http://217.28.225.132,https://test.mpeh.ru,https://test.mpeh.ru/,404 Not Found,404
http://217.28.225.132,https://backend.mpeh.ru,https://backend.mpeh.ru/user/login,Авторизоваться,200
https://217.28.225.132,https://mpeh.ru,https://mpeh.ru/,"Журнал «Морской пехотинец»: морская пехота, морпехи",200
https://217.28.225.132,https://www.mpeh.ru,https://www.mpeh.ru/,"Журнал «Морской пехотинец»: морская пехота, морпехи",200
https://217.28.225.132,https://www.mphotels.ru,https://www.mphotels.ru/,Универсальная система бронирования отелей,200
https://217.28.225.132,https://mphotels.ru,https://mphotels.ru/,Универсальная система бронирования отелей,200
https://217.28.225.132,https://muravey-nn.ru,https://muravey-nn.ru/,Муравей пр. Ленина - торговый центр Нижнего Новгорода – официальный сайт,200
http://217.28.225.132,https://backend.muravey-nn.ru,https://backend.muravey-nn.ru/user/login,Авторизоваться,200
https://217.28.225.132,https://www.muravey-nn.ru,https://www.muravey-nn.ru/,Муравей пр. Ленина - торговый центр Нижнего Новгорода – официальный сайт,200
https://217.28.225.132,https://www.mv-inform.ru,https://www.mv-inform.ru/,«Московский Вестник» - он-лайн приложение к газете «Marins News» - Московский вестник,200
https://217.28.225.132,https://mv-inform.ru,https://mv-inform.ru/,«Московский Вестник» - он-лайн приложение к газете «Marins News» - Московский вестник,200
https://217.28.225.132,https://nagatinsky.com,https://nagatinsky.com/,БЦ Нагатинский - Прямая аренда офиса без посредников в Москве.,200
https://217.28.225.132,https://www.nagatinsky.com,https://www.nagatinsky.com/,БЦ Нагатинский - Прямая аренда офиса без посредников в Москве.,200
http://217.28.225.132,https://backend.nagatinsky.com,https://backend.nagatinsky.com/index.php?r=site%2Flogin,Вход в административную панель,200
https://217.28.225.132,https://nebo-nn.com,https://nebo-nn.com/,НЕБО - торговый центр Нижний Новгород - новый официальный сайт,200
http://217.28.225.132,https://backend.nebo-nn.com,https://backend.nebo-nn.com/user/login,Авторизоваться,200
https://217.28.225.132,https://www.nebo-nn.com,https://www.nebo-nn.com/,НЕБО - торговый центр Нижний Новгород - новый официальный сайт,200
https://217.28.225.132,https://newbyt-doc.ru,https://newbyt-doc.ru/,"Раскрытие информации ЗАО ""Новый Быт""",200
http://217.28.225.132,https://backend.newbyt-doc.ru,https://backend.newbyt-doc.ru/user/login,Авторизоваться,200
https://217.28.225.132,https://www.newbyt-doc.ru,https://www.newbyt-doc.ru/,"Раскрытие информации ЗАО ""Новый Быт""",200
https://217.28.225.132,https://www.niitavtoprom.ru,https://www.niitavtoprom.ru/,ÍÈÈÒàâòîïðîì. Íàó÷íî-èññëåäîâàòåëüñêèé èíñòèòóò òåõíîëîãèè àâòîìîáèëüíîé ïðîìûøëåííîñòè,200
https://217.28.225.132,https://niitavtoprom.ru,https://niitavtoprom.ru/,ÍÈÈÒàâòîïðîì. Íàó÷íî-èññëåäîâàòåëüñêèé èíñòèòóò òåõíîëîãèè àâòîìîáèëüíîé ïðîìûøëåííîñòè,200
https://217.28.225.132,https://www.olimpiec-doc.ru,https://www.olimpiec-doc.ru/,РАСКРЫТИЕ ИНФОРМАЦИИ,200
https://217.28.225.132,https://olimpiec-doc.ru,https://olimpiec-doc.ru/,РАСКРЫТИЕ ИНФОРМАЦИИ,200
https://217.28.225.132,https://backend.olimpiec-doc.ru,https://backend.olimpiec-doc.ru/user/login,Авторизоваться,200
https://217.28.225.132,https://ostrovcy-teplo.ru,https://ostrovcy-teplo.ru/,"Раскрытие информации ООО ""Строительная группа ""Инфинити""",200
https://217.28.225.132,https://www.ostrovcy-teplo.ru,https://www.ostrovcy-teplo.ru/,"Раскрытие информации ООО ""Строительная группа ""Инфинити""",200
http://217.28.225.132,https://backend.ostrovcy-teplo.ru,https://backend.ostrovcy-teplo.ru/user/login,Авторизоваться,200
https://84.201.161.142,https://www.ostrovcyvoda.ru,https://www.ostrovcyvoda.ru/,Ресурсоснабжающая организация «Инфинити»,200
http://84.201.161.142,https://backend.ostrovcyvoda.ru,https://backend.ostrovcyvoda.ru/user/login,Авторизоваться,200
https://84.201.161.142,https://ostrovcyvoda.ru,https://ostrovcyvoda.ru/,Ресурсоснабжающая организация «Инфинити»,200
https://217.28.225.132,https://prishelets.com,https://prishelets.com/,"Ð¤Ð¸Ð»ÑÐ¼ ""ÐÑÐ¸ÑÐµÐ»ÐµÑ""",200
https://217.28.225.132,https://www.prishelets.com,https://www.prishelets.com/,"Ð¤Ð¸Ð»ÑÐ¼ ""ÐÑÐ¸ÑÐµÐ»ÐµÑ""",200
https://217.28.225.132,https://slugba-slugenie.ru,https://slugba-slugenie.ru/,Служба и служение,200
https://217.28.225.132,https://backend.slugba-slugenie.ru,https://backend.slugba-slugenie.ru/user/login,Авторизоваться,200
https://217.28.225.132,https://www.slugba-slugenie.ru,https://www.slugba-slugenie.ru/,Служба и служение,200
http://217.28.225.132,https://backend.sormovskie-zori.ru,https://backend.sormovskie-zori.ru/user/login,Авторизоваться,200
https://217.28.225.132,https://sosnoviybor.su,https://sosnoviybor.su/,"Коттеджный посёлок «Сосновый Бор», деревня Островцы.",200
https://217.28.225.132,https://www.sosnoviybor.su,https://www.sosnoviybor.su/,"Коттеджный посёлок «Сосновый Бор», деревня Островцы.",200
http://217.28.225.132,https://backend.soyuzmarinsgroup-doc.ru,https://backend.soyuzmarinsgroup-doc.ru/user/login,Авторизоваться,200
https://217.28.225.132,https://soyuzmarinsgroup-doc.ru,https://soyuzmarinsgroup-doc.ru/,"Раскрытие информации АО ""Союз Маринс Групп""",200
https://217.28.225.132,https://www.soyuzmarinsgroup-doc.ru,https://www.soyuzmarinsgroup-doc.ru/,"Раскрытие информации АО ""Союз Маринс Групп""",200
https://217.28.225.132,https://www.stremilovskoedoc.ru,https://www.stremilovskoedoc.ru/,"ОАО ""ТД Мещера"" - Главная страница",200
https://217.28.225.132,https://stremilovskoedoc.ru,https://stremilovskoedoc.ru/,"ОАО ""ТД Мещера"" - Главная страница",200
http://217.28.225.132,https://backend.stremilovskoedoc.ru,https://backend.stremilovskoedoc.ru/user/login,Авторизоваться,200
https://217.28.225.132,https://trc-nora.ru,https://trc-nora.ru/,Торгово-развлекательный центр НОРА г. Москва – официальный сайт,200
https://217.28.225.132,https://www.trc-nora.ru,https://www.trc-nora.ru/,Торгово-развлекательный центр НОРА г. Москва – официальный сайт,200
http://217.28.225.132,https://backend.trc-nora.ru,https://backend.trc-nora.ru/user/login,Авторизоваться,200
https://217.28.225.132,https://www.uksmg.ru,https://www.uksmg.ru/,403 Forbidden,403
https://217.28.225.132,https://uksmg.ru,https://uksmg.ru/,403 Forbidden,403
https://217.28.225.132,https://www.yaltaintourist-doc.ru,https://www.yaltaintourist-doc.ru/,РАСКРЫТИЕ ИНФОРМАЦИИ,200
https://217.28.225.132,https://yaltaintourist-doc.ru,https://yaltaintourist-doc.ru/,РАСКРЫТИЕ ИНФОРМАЦИИ,200
http://217.28.225.132,https://backend.yaltaintourist-doc.ru,https://backend.yaltaintourist-doc.ru/user/login,Авторизоваться,200
https://217.28.225.132,https://yaltaintourist.ru,https://yaltaintourist.ru/,Отель «Ялта-Интурист» – отдых в Крыму круглый год,200
http://217.28.225.132,https://backend.yaltaintourist.ru,https://backend.yaltaintourist.ru/user/login,Авторизоваться,200
https://217.28.225.132,https://www.yaltaintourist.ru,https://www.yaltaintourist.ru/,Отель «Ялта-Интурист» – отдых в Крыму круглый год,200
84.201.161.142,https://transfer.mphotels.ru,https://transfer.mphotels.ru/,ÐÐ¿Ð»Ð°ÑÐ°,200
84.201.161.142,https://www.transfer.mphotels.ru,https://www.transfer.mphotels.ru/,Ð ÐµÐ·ÐµÑÐ²Ð¸ÑÐ¾Ð²Ð°Ð½Ð¸Ðµ,200
84.201.161.142,https://pay.mphotels.ru,https://pay.mphotels.ru/,Vite App,200
84.201.161.142,https://client.mphotels.ru,https://client.mphotels.ru/,booking,200
217.28.225.132,https://backend.bcs15.ru,https://backend.bcs15.ru/user/login,Авторизоваться,200
217.28.225.132,https://d.marinsparkhotel.ru,https://d.marinsparkhotel.ru/,Discount - Site,200
84.201.161.142,https://cdn.mphotels.ru,https://cdn.mphotels.ru/,403 Forbidden,403
84.201.161.143,https://fonts.mphotels.ru,https://fonts.mphotels.ru/,403 Forbidden,403
84.201.161.142,https://bot.mphotels.ru,https://bot.mphotels.ru/login,MPH bot,200
109.73.14.243,https://lk.mphotels.ru/admin/,https://lk.mphotels.ru/admin/login/?next=/admin/,Войти | Logus CRM Administration,200
